phase,group,metric,estimate,lower,upper,label
Pre-Caliphate Expansion,Shia-majority,civilian,0.6285032596276631,0.5881443645406277,0.6671147254519793,63%
Pre-Caliphate Expansion,Shia-majority,observed,0.7420861617044157,,,74%
Pre-Caliphate Expansion,Shia-majority,religious,0.09157201424826938,0.06105921096847893,0.13512332818065742,9%
Pre-Caliphate Expansion,Kurdish-majority,civilian,0.6211102896700049,0.5846495060151893,0.6562941057866791,62%
Pre-Caliphate Expansion,Kurdish-majority,observed,0.5425431816654345,,,54%
Pre-Caliphate Expansion,Kurdish-majority,religious,0.11855635459372262,0.07997849317830484,0.17225620001344175,12%
Pre-Caliphate Expansion,Sunni-majority,civilian,0.5684521809261375,0.5417366758518719,0.5947308286847235,57%
Pre-Caliphate Expansion,Sunni-majority,observed,0.555346461455743,,,56%
Pre-Caliphate Expansion,Sunni-majority,religious,0.05756435244304051,0.042812016936622115,0.07698770078634307,6%
Caliphate Period,Shia-majority,civilian,0.5752066671147253,0.534612541165401,0.6147926607970967,58%
Caliphate Period,Shia-majority,observed,0.5082666845890181,,,51%
Caliphate Period,Shia-majority,religious,0.028462934336985105,0.01666778681363007,0.048222326769272204,3%
Caliphate Period,Kurdish-majority,civilian,0.567511257476981,0.538443443779824,0.5961086094495598,57%
Caliphate Period,Kurdish-majority,observed,0.5903622555279253,,,59%
Caliphate Period,Kurdish-majority,religious,0.03760333355736253,0.025707372807312244,0.05467437327777398,4%
Caliphate Period,Sunni-majority,civilian,0.5132065326970899,0.4930774917669199,0.5332683648094633,51%
Caliphate Period,Sunni-majority,observed,0.511862356341152,,,51%
Caliphate Period,Sunni-majority,religious,0.017440688218294042,0.01196316956784712,0.025371328718327694,2%
Post-Caliphate Insurgency,Shia-majority,civilian,0.49963035150211693,0.45685193897439363,0.5423751596209422,50%
Post-Caliphate Insurgency,Shia-majority,observed,0.44132670206331076,,,44%
Post-Caliphate Insurgency,Shia-majority,religious,0.025304119900530858,0.01300490624369919,0.04862557967605359,3%
Post-Caliphate Insurgency,Kurdish-majority,civilian,0.4917669198198805,0.45443242153370533,0.5292022313327509,49%
Post-Caliphate Insurgency,Kurdish-majority,observed,0.47274682438335913,,,47%
Post-Caliphate Insurgency,Kurdish-majority,religious,0.03350359567175223,0.01804556757846631,0.06129444183076823,3%
Post-Caliphate Insurgency,Sunni-majority,civilian,0.43739498622219225,0.410780294374622,0.4643457221587471,44%
Post-Caliphate Insurgency,Sunni-majority,observed,0.4537603333557363,,,45%
Post-Caliphate Insurgency,Sunni-majority,religious,0.015491632502184334,0.008770750722494837,0.027185966798844118,2%
